{
    "answer_path": "../results/Octavius_2d/RSNA/20240728073205/RSNA_20240728073339.json",
    "result": {
        "ACC": 0.5897435897435898,
        "Precision": 0.5384615384615384,
        "Recall": 0.8348623853211009,
        "F1": 0.6546762589928058,
        "MCC": 0.2348374413359399
    }
}