{
    "answer_path": "../results/Octavius_2d/RSNA/20240728054107/RSNA_20240728054526.json",
    "result": {
        "ACC": 0.9840925524222705,
        "Precision": 0.9713467048710601,
        "Recall": 0.9658119658119658,
        "F1": 0.9685714285714285,
        "MCC": 0.9579299568956029
    }
}