{
    "answer_path": "../results/Octavius_2d/RSNA/20240728072504/RSNA_20240728072635.json",
    "result": {
        "ACC": 0.7008547008547008,
        "Precision": 0.6,
        "Recall": 0.375,
        "F1": 0.46153846153846156,
        "MCC": 0.2836662551754085
    }
}