{
    "answer_path": "../results/Octavius_2d/RSNA/20240728081502/MedQA_20240728081557.json",
    "result": {
        "bleu": 0.017045455053448677,
        "ROUGE1": 0.017045454545454544,
        "METEOR": 0.14285714285714285
    }
}