{
    "answer_path": "../results/Octavius_2d/RSNA/20240728072044/RSNA_20240728072214.json",
    "result": {
        "ACC": 0.5726495726495726,
        "Precision": 0.427536231884058,
        "Recall": 0.7375,
        "F1": 0.5412844036697247,
        "MCC": 0.21650686032427702
    }
}