{
    "answer_path": "../results/Octavius_2d/RSNA/20240728102325/RSNA_20240728102613.json",
    "result": {
        "ACC": 0.247,
        "Precision": 0.03229974160206718,
        "Recall": 0.8620689655172413,
        "F1": 0.062266500622665005,
        "MCC": 0.03639046282481494
    }
}