{
    "answer_path": "../results/Octavius_2d/RSNA/20240728073509/RSNA_20240728073641.json",
    "result": {
        "ACC": 0.6111111111111112,
        "Precision": 0.5576923076923077,
        "Recall": 0.7981651376146789,
        "F1": 0.6566037735849056,
        "MCC": 0.26048648911061456
    }
}