{
    "answer_path": "../results/Octavius_2d/RSNA/20240728071407/RSNA_20240728071541.json",
    "result": {
        "ACC": 0.6324786324786325,
        "Precision": 0.5741935483870968,
        "Recall": 0.8165137614678899,
        "F1": 0.6742424242424242,
        "MCC": 0.30433744734470375
    }
}