{
    "answer_path": "../results/Octavius_2d/RSNA/20240728060855/RSNA_20240728061038.json",
    "result": {
        "ACC": 0.5982905982905983,
        "Precision": 0.5443786982248521,
        "Recall": 0.8440366972477065,
        "F1": 0.6618705035971223,
        "MCC": 0.2539644727569667
    }
}