{
    "answer_path": "../results/Octavius_2d/RSNA/20240728075744/RSNA_20240728075954.json",
    "result": {
        "ACC": 0.418,
        "Precision": 0.0039447731755424065,
        "Recall": 0.02531645569620253,
        "F1": 0.006825938566552901,
        "MCC": -0.28217471888921897
    }
}