{
    "answer_path": "../results/Octavius_2d/RSNA/20240728070548/RSNA_20240728070728.json",
    "result": {
        "ACC": 0.6025641025641025,
        "Precision": 0.66,
        "Recall": 0.30275229357798167,
        "F1": 0.41509433962264153,
        "MCC": 0.2029299544523693
    }
}