{
    "answer_path": "../results/Octavius_2d/RSNA/20240728055656/RSNA_20240728055853.json",
    "result": {
        "ACC": 0.6239316239316239,
        "Precision": 0.5668789808917197,
        "Recall": 0.8165137614678899,
        "F1": 0.6691729323308271,
        "MCC": 0.289308707427588
    }
}